ID,Location
12,SPARTAN - IIT Kanpur
13,"Delhi Technological University, Delhi - CPCB"
15,IGI Airport
16,Civil Lines
17,"R K Puram, Delhi - DPCC"
50,"Punjabi Bagh, Delhi - DPCC"
103,"Income Tax Office, Delhi - CPCB"
235,"Anand Vihar, New Delhi - DPCC"
236,"Mandir Marg, Delhi - DPCC"
286,Collectorate - Gaya - BSPCB
301,"Vikas Sadan, Gurugram - HSPCB"
346,"MD University, Rohtak - HSPCB"
354,"Lalbagh, DN Park"
378,Alandur Bus Depot
407,"Zoo Park, Hyderabad - TSPCB"
412,"Peenya, Bengaluru - KSPCB"
431,"IHBAS, Delhi - CPCB"
594,"BTM Layout, Bengaluru - KSPCB"
697,"Haldia, Haldia - WBPCB"
703,Collectorate Jodhpur - RSPCB
716,"Rabindra Bharati University, Kolkata - WBSPCB"
797,City Railway Station - KSPCB
854,Chandrapur
860,"Sanjay Palace, Agra - UPPCB"
910,Victoria Memorial - WBSPCB
985,Collectorate - Muzaffarpur - BSPCB
2345,VK Industrial Area Jaipur - RSPCB
2456,"Talkatora District Industries Center, Lucknow - CPCB"
2459,US Diplomatic Post: Hyderabad
2460,US Diplomatic Post: Kolkata
2461,US Diplomatic Post: Chennai
2463,Central School
2503,"Shadipur, Delhi - CPCB"
2549,IIT
2583,"Sector-6, Panchkula - HSPCB "
2585,AAQMS Karve Road Pune
2586,"Manali, Chennai - CPCB"
2587,"Sector16A, Faridabad - HSPCB"
2589,SaneguravaHalli - KSPCB
2591,Ardhali Bazar
2592,"BWSSB Kadabesanahalli, Bengaluru - KSPCB"
2593,IGSC Planetarium Complex - Patna - BSPCB
2594,"Sanathnagar, Hyderabad - TSPCB"
2595,Nehru Nagar
2596,"Solapur, Solapur - MPCB"
2597,US Diplomatic Post: New Delhi
2598,Navi Mumbai Municipal Corporation Airoli
5404,"Pusa, Delhi - IMD"
5408,"Secretariat, Amaravati - APPCB"
5443,"Mahakaleshwar Temple, Ujjain - MPPCB"
5505,"Birla Staff colony, Satna - MPPCB"
5509,"Anand Vihar, Delhi - DPCC"
5540,"Punjabi Bagh, Delhi - DPCC"
5541,"Burari Crossing, New Delhi - IMD"
5542,"Civil Line, Jalandhar - PPCB"
5544,"Model Town, Patiala - PPCB"
5546,Tata Stadium - Jorapokhar - JSPCB
5547,"BWSSB Kadabesanahalli, Bengaluru - CPCB"
5548,"BTM Layout, Bengaluru - CPCB"
5551,"Golden Temple, Amritsar - PPCB"
5552,"MD University, Rohtak - HSPCB"
5558,"Alandur Bus Depot, Chennai - CPCB"
5559,"Collectorate, Gaya - BSPCB"
5565,"MIDC Khutala, Chandrapur - MPCB"
5566,"Talcher Coalfields,Talcher - OSPCB"
5569,"Punjab Agricultural University, Ludhiana - PPCB"
5570,"Aya Nagar, New Delhi - IMD"
5574,"City Railway Station, Bengaluru - KSPCB"
5576,"Moti Doongri, Alwar - RSPCB"
5581,"Pusa, New Delhi - IMD"
5585,"Ashok Nagar, Udaipur - RSPCB"
5586,"Sirifort, Delhi - CPCB"
5587,"Collectorate, Jodhpur - RSPCB"
5588,"RIICO Ind. Area III, Bhiwadi - RSPCB"
5590,"Ardhali Bazar, Varanasi - UPPCB"
5592,"Gangapur Road, Nashik - MPCB"
5593,"Pimpleshwar Mandir, Thane - MPCB"
5594,"Muzaffarpur Collectorate, Muzaffarpur - BSPCB"
5596,"Secretariat, Amaravati - APPCB"
5598,"Sector - 125, Noida, UP - UPPCB"
5599,"Bollaram Industrial Area, Hyderabad - TSPCB"
5601,"Lajpat Nagar, Moradabad - UPPCB"
5602,"Asansol Court Area, Asansol - WBPCB"
5603,"Sector-2 Industrial Area, Pithampur - MPPCB"
5604,"Nishant Ganj, Lucknow - UPPCB"
5607,"Peenya, Bengaluru - CPCB"
5608,"GM Office, Brajrajnagar - OSPCB"
5609,"Anam Kala Kendram, Rajamahendravaram - APPCB"
5610,"North Campus, DU, Delhi - IMD"
5611,"Chandrapur, Chandrapur - MPCB"
5612,"Shastri Nagar, Jaipur - RSPCB"
5613,"ITO, New Delhi - CPCB"
5614,"Padmapukur, Howrah - WBPCB"
5615,"Sidhu Kanhu Indoor Stadium, Durgapur - WBPCB"
5616,"Sector - 62, Noida, UP - IMD"
5617,"Sector- 16A, Faridabad - HSPCB"
5619,"Vindhyachal STPS, Singrauli - MPPCB"
5621,"Opp GPO Civil Lines, Nagpur - MPCB"
5622,"NSIT Dwarka, Delhi - CPCB"
5623,"Central University, Hyderabad - TSPCB"
5624,"IDA Pashamylaram, Hyderabad - TSPCB"
5625,"RIMT University, Mandi Gobindgarh - PPCB"
5626,"DTU, New Delhi - CPCB"
5627,"CRRI Mathura Road, New Delhi - IMD"
5628,"GVM Corporation, Visakhapatnam - APPCB"
5630,"Shadipur, Delhi - CPCB"
5631,"Maninagar, Ahmedabad - GPCB"
5632,"Sector-D Industrial Area, Mandideep - MPPCB"
5633,"Police Commissionerate, Jaipur - RSPCB"
5634,"Lodhi Road, New Delhi - IMD"
5635,"Adarsh Nagar, Jaipur - RSPCB"
5636,"Shrinath Puram, Kota - RSPCB"
5638,"Indira Colony Vistar, Pali - RSPCB"
5639,"R K Puram, New Delhi - DPCC"
5641,"Mandir Marg, New Delhi - DPCC"
5642,"More Chowk Waluj, Aurangabad - MPCB"
5644,"Sanegurava Halli, Bengaluru - KSPCB"
5645,"ICRISAT Patancheru, Hyderabad - TSPCB"
5646,"Plammoodu, Thiruvananthapuram - Kerala PCB"
5647,"Sanathnagar, Hyderabad - TSPCB"
5648,"Ward-32 Bapupara, Siliguri - WBPCB"
5649,"Tirumala, Tirupati - APPCB"
5650,"IGI Airport (T3), Delhi - IMD"
5652,"IGSC Planetarium Complex, Patna - BSPCB"
5655,"Velachery Res. Area, Chennai - CPCB"
5657,"Central School, Lucknow - CPCB"
5659,"Lalbagh, Lucknow - CPCB"
5661,"Karve Road Pune, Pune - MPCB"
5662,"Nehru Nagar, Kanpur - UPPCB"
5664,"PWD Grounds, Vijayawada - APPCB"
5665,"Vasundhara, Ghaziabad - UPPCB"
5667,"Bhopal Chauraha, Dewas - MPPCB"
5742,"Patparganj, Delhi - DPCC"
5743,"Rohini, Delhi - DPCC"
5744,"Dr. Karni Singh Shooting Range, Delhi - DPCC"
5745,"Ghusuri, Howrah - WBPCB"
5753,"Vivek Vihar, Delhi - DPCC"
5754,"Jawaharlal Nehru Stadium, Delhi - DPCC"
5755,"Major Dhyan Chand National Stadium, Delhi - DPCC"
5759,"Sonia Vihar, Delhi - DPCC"
5760,"Dwarka-Sector 8, Delhi - DPCC "
5761,"Jahangirpuri, Delhi - DPCC"
5762,"Ashok Vihar, Delhi - DPCC"
5763,"Narela, Delhi - DPCC"
5765,"Okhla Phase-2, Delhi - DPCC"
5766,"Nehru Nagar, Delhi - DPCC"
6310,"Rabindra Bharati University, Kolkata - WBPCB"
6314,"NISE Gwal Pahari, Gurugram - IMD"
6356,"Pusa, Delhi - DPCC"
6357,"Punjabi Bagh, Delhi - DPCC"
6358,"Mandir Marg, New Delhi - DPCC"
6359,"IHBAS, Dilshad Garden,New Delhi - CPCB"
6442,"Ratanpura, Rupnagar - Ambuja Cements"
6443,"Bandhavgar Colony, Satna - Birla Cement"
6920,"Manali Village, Chennai - TNPCB"
6923,"New Mandi, Muzaffarnagar - UPPCB"
6924,"Indirapuram, Ghaziabad - UPPCB"
6927,"Colaba, Mumbai - MPCB"
6928,"Vasai West, Mumbai - MPCB"
6929,"Major Dhyan Chand National Stadium, Delhi - DPCC"
6930,"Gobind Pura, Yamuna Nagar - HSPCB"
6931,"Dwarka-Sector 8, Delhi - DPCC "
6932,"Alipur, Delhi - DPCC"
6933,"Shasthri Nagar, Ratlam - IPCA Lab"
6934,"Dr. Karni Singh Shooting Range, Delhi - DPCC"
6935,"Urban Estate-II, Hisar - HSPCB"
6936,"Arya Nagar, Bahadurgarh - HSPCB"
6937,"Sector-10, Gandhinagar - GPCB"
6938,"Vivek Vihar, Delhi - DPCC"
6939,"Hardev Nagar, Bathinda - PPCB"
6940,"Kalal Majra, Khanna - PPCB"
6941,"Railway Colony, Guwahati - APCB"
6942,"Phase-4 GIDC, Vatva - GPCB"
6943,"Mahape, Navi Mumbai - MPCB"
6944,"H.B. Colony, Bhiwani - HSPCB"
6945,"Kurla, Mumbai - MPCB"
6946,"Belur Math, Howrah - WBPCB"
6947,"General Hospital, Mandikhera - HSPCB"
6948,"Chhatrapati Shivaji Intl. Airport (T2), Mumbai - MPCB"
6949,"Municipal Corporation Office, Dharuhera -  HSPCB"
6950,"Jadavpur, Kolkata - WBPCB"
6951,"Murthal, Sonipat - HSPCB"
6952,"F-Block, Sirsa - HSPCB"
6953,"Sector-2 IMT, Manesar - HSPCB"
6954,"Chikkaballapur Rural, Chikkaballapur - KSPCB"
6955,"Lal Bahadur Shastri Nagar, Kalaburagi - KSPCB"
6956,"Powai, Mumbai - MPCB"
6957,"Jawaharlal Nehru Stadium, Delhi - DPCC"
6958,"Sector-18, Panipat - HSPCB"
6959,"Siddharth Nagar-Worli, Mumbai - IITM"
6960,"Patparganj, Delhi - DPCC"
6961,"Shrivastav Colony, Damoh - MPPCB"
6962,"GIDC, Ankleshwar - GPCB"
6963,"Police Lines, Jind - HSPCB"
6964,"Patti Mehar, Ambala - HSPCB"
6965,"Borivali East, Mumbai - MPCB"
6966,"Udyogamandal, Eloor - Kerala PCB"
6967,"Sion, Mumbai - MPCB"
6968,"Phase-1 GIDC, Vapi - GPCB"
6969,"Huda Sector, Fatehabad - HSPCB"
6970,"Shastri Nagar, Narnaul - HSPCB"
6971,"Rishi Nagar, Kaithal - HSPCB"
6972,"Nathu Colony, Ballabgarh - HSPCB"
6973,"Jayanagar 5th Block, Bengaluru - KSPCB"
6974,"Bapuji Nagar, Bengaluru - KSPCB"
6975,"Silk Board, Bengaluru - KSPCB"
6976,"Jai Bhim Nagar, Meerut - UPPCB"
6978,"Knowledge Park - III, Greater Noida - UPPCB"
6979,"New Collectorate, Baghpat - UPPCB"
6980,"Sector-1, Noida - UPPCB"
6981,"Fort William, Kolkata - WBPCB"
6982,"Deshpande Nagar, Hubballi - KSPCB"
6983,"Hombegowda Nagar, Bengaluru - KSPCB"
6984,"Hebbal, Bengaluru - KSPCB"
6985,"Yamunapuram, Bulandshahr - UPPCB"
6986,"Knowledge Park - V, Greater Noida - UPPCB"
6987,"Vile Parle West, Mumbai - MPCB"
6988,"Sector-116, Noida - UPPCB"
7005,"Loni, Ghaziabad - UPPCB"
7044,"R K Puram, Delhi - DPCC"
7140,"Gomti Nagar, Lucknow - UPPCB"
7280,"Shyam Nagar, Palwal - HSPCB"
7281,"Shyam Nagar, Palwal - HSPCB"
7282,"Sector-7, Kurukshetra - HSPCB"
7283,"MD University, Rohtak - HSPCB"
7289,"Hebbal 1st Stage, Mysuru - KSPCB"
7292,"Chhoti Gwaltoli, Indore - MPPCB"
7299,"Gole Bazar, Katni - MPPCB"
7434,"East Arjun Nagar, Delhi - CPCB"
7494,"SFTI Kusdihra, Gaya - BSPCB"
7495,"DRM Office Danapur, Patna - BSPCB"
7583,"ICRISAT Patancheru, Hyderabad - TSPCB"
7720,"Pallavpuram Phase 2, Meerut - UPPCB"
7752,"Khadakpada, Kalyan - MPCB"
7777,"Lal Bahadur Shastri Nagar, Kalaburagi - KSPCB"
7833,"Ganga Nagar, Meerut - UPPCB"
7850,"Bandra, Mumbai - MPCB"
7880,"Sikulpuikawn, Aizawl - Mizoram PCB"
7901,"Corporation Ground, Thrissur- Kerala PCB"
7979,"Deen Dayal Nagar, Sagar - MPPCB"
8035,"Ibrahimpur, Vijayapura - KSPCB"
8039,Mumbai
8092,"East Arjun Nagar, Delhi - CPCB"
8118,New Delhi
8153,"Urban, Chamarajanagar - KSPCB"
8171,"GIDC, Nandesari - Nandesari Ind. Association"
8172,US Diplomatic Post: Kolkata
8190,"Kariavattom, Thiruvananthapuram - Kerala PCB"
8235,"Jahangirpuri, Delhi - DPCC"
8239,"Okhla Phase-2, Delhi - DPCC"
8245,"Gole Bazar, Katni - MPPCB"
8319,"Anand Vihar, Hapur - UPPCB"
8365,"Nehru Nagar, Delhi - DPCC"
8472,"Bawana, Delhi - DPCC"
8475,"Sonia Vihar, Delhi - DPCC"
8557,Hyderabad
8558,Chennai
8914,"SIDCO Kurichi, Coimbatore - TNPCB"
8915,"Wazirpur, Delhi - DPCC"
8916,"Vyttila, Kochi - Kerala PCB"
8917,"Ashok Vihar, Delhi - DPCC"
10484,"Sri Aurobindo Marg, Delhi - DPCC"
10485,"Narela, Delhi - DPCC"
10486,"Mundka, Delhi - DPCC"
10487,"Anand Vihar, Delhi - DPCC"
10488,"Najafgarh, Delhi - DPCC"
10489,"ITO, Delhi - CPCB"
10537,"Vidayagiri, Bagalkot - KSPCB"
10545,"Civil Lines, Ajmer - RSPCB"
10599,"Rajbansi Nagar, Patna - BSPCB"
10609,"Hebbal 1st Stage, Mysuru - KSPCB"
10630,"Govt. High School Shikarpur, Patna - BSPCB"
10633,"Victoria, Kolkata - WBPCB"
10645,"Industrial Area, Hajipur - BSPCB"
10670,"Muradpur, Patna - BSPCB"
10695,"Ratanpura, Rupnagar - Ambuja Cements"
10697,"Samanpura, Patna - BSPCB"
10725,"Mini Secretariat, Charkhi Dadri - HSPCB"
10747,"Thavakkara, Kannur - Kerala PCB"
10780,"Manali Village, Chennai - TNPCB"
10820,"Sector 30, Faridabad - HSPCB"
10823,"Buddha Colony, Muzaffarpur - BSPCB"
10825,"Sector-51, Gurugram - HSPCB"
10831,"Rohini, Delhi - DPCC"
10844,"Ghusuri, Howrah - WBPCB"
10851,"Bidhannagar, Kolkata - WBPCB"
10895,"Lumpyngngad, Shillong - Meghalaya PCB"
10896,"Chhoti Gwaltoli, Indore - MPPCB"
10897,"ICRISAT Patancheru, Hyderabad - TSPCB"
10898,"Palayam, Kozhikode - Kerala PCB"
10900,"Teri Gram, Gurugram - HSPCB"
10901,"PWD Juction, Kohima - NPCB"
10902,"Kalyana Nagara, Chikkamagaluru - KSPCB"
10903,"Railway Colony, Guwahati - APCB"
10904,"Rabindra Sarobar, Kolkata - WBPCB"
10905,"Rishi Nagar, Kaithal - HSPCB"
10906,"Murthal, Sonipat - HSPCB"
10907,"City Center, Gwalior - MPPCB"
10908,"Sector 11, Faridabad - HSPCB"
10909,"Vijay Nagar, Ramanagara - KSPCB"
10910,"Sector-12, Karnal - HSPCB"
10911,"Marhatal, Jabalpur - MPPCB"
10912,"Phool Bagh, Gwalior - Mondelez Ind. Food"
10913,"T T Nagar, Bhopal - MPPCB"
10914,"Sector-25, Chandigarh - CPCC"
10915,"Polayathode, Kollam - Kerala PCB"
10916,"Kacheripady, Ernakulam - Kerala PCB"
10917,"Sahilara, Maihar - KJS Cements"
10918,"Ballygunge, Kolkata - WBPCB"
10919,"Sanjay Nagar, Ghaziabad - UPPCB"
10920,"New Industrial Town, Faridabad - HSPCB"
10921,"NISE Gwal Pahari, Gurugram - IMD"
11577,"Vinoba Nagara, Shivamogga - KSPCB"
11578,"Royapuram, Chennai - TNPCB"
11579,"Kodungaiyur, Chennai - TNPCB"
11580,"Meelavittan, Thoothukudi - TNPCB"
11581,"Arumbakkam, Chennai - TNPCB"
11582,"Stuart Hill, Madikeri - KSPCB"
11583,"Kunjaban, Agartala - Tripura SPCB"
11602,"Bandra Kurla Complex, Mumbai - IITM"
11603,"Chandni Chowk, Delhi - IITM"
11604,"Deonar, Mumbai - IITM"
11606,"Borivali East, Mumbai - IITM"
11607,"Lodhi Road, Delhi - IITM"
11608,"Bhosari, Pune - IITM"
11609,"Mhada Colony, Pune - IITM"
11610,"Transport Nagar-Nigdi, Pune - IITM"
11611,"Malad West, Mumbai - IITM"
11612,"Sector-19A Nerul, Navi Mumbai - IITM"
11613,"Revenue Colony-Shivajinagar, Pune - IITM"
12024,"Chakala-Andheri East, Mumbai - IITM"
12039,"Khindipada-Bhandup West, Mumbai - IITM"
12040,"Mulund West, Mumbai - MPCB"
12041,"Diwator Nagar, Koppal - KSPCB"
12042,"Alandi, Pune - IITM"
12043,"Haji Colony, Raichur - KSPCB"
12044,"Kandivali East, Mumbai - MPCB"
12045,"IITK, Kanpur - IITK"
12046,"Perungudi, Chennai - TNPCB"
42240,"Pan Bazaar, Guwahati - APCB"
44513,"Kadri, Mangalore - KSPCB"
44514,"Naubad, Bidar - KSPCB"
44515,"Panchal Nagar, Gadag - KSPCB"
45008,"Anthoni Pillai Nagar, Gummidipoondi - TNPCB"
60656,"Tamaka Ind. Area, Kolar - KSPCB"
60657,"Devaraj Urs Badavane, Davanagere - KSPCB"
60658,"Hadapsar, Pune - IITM"
60659,"Jawahar Nagar, Puducherry - PPCC"
60660,"MIT-Kothrud, Pune - IITM"
60661,"Siddharth Nagar-Worli, Mumbai - IITM"
220265,"Rajbagh, Srinagar - JKSPCB"
220353,"Brahmagiri, Udupi - KSPCB"
223145,"B.Katihalli, Hassan - KSPCB"
223146,"Naharlagun, Naharlagun - APSPCB"
227384,"Jhunsi, Prayagraj - UPPCB"
227386,"B R Ambedkar University, Lucknow - UPPCB"
227387,"Motilal Nehru NIT, Prayagraj - UPPCB"
227533,"Rakhial, Ahmedabad - IITM"
227534,"Gyaspur, Ahmedabad - IITM"
227535,"Manoharpur, Agra - UPPCB"
227536,"Chandkheda, Ahmedabad - IITM"
227931,"Sector-3B Avas Vikas Colony, Agra - UPPCB"
228297,"SVPI Airport Hansol, Ahmedabad - IITM"
228298,"Sardar Vallabhbhai Patel Stadium, Ahmedabad - IITM"
228299,"GIFT City, Gandhinagar - IITM"
228300,"SAC ISRO Satellite, Ahmedabad - IITM"
228301,"IIPHG Lekawada, Gandhinagar - IITM"
228303,"SAC ISRO Bopal, Ahmedabad - IITM"
228352,"Shastripuram, Agra - UPPCB"
228397,"IESD Banaras Hindu University, Varanasi - UPPCB"
228403,"Bhelupur, Varanasi - UPPCB"
228840,"Madan Mohan Malaviya University of Technology, Gorakhpur - UPPCB"
229195,"Maldahiya, Varanasi - UPPCB"
229252,"NSI Kalyanpur, Kanpur - UPPCB"
229404,"Kukrail Picnic Spot-1, Lucknow - UPPCB"
229473,blore_India_07_14_official
229728,"Kamalnath Nagar, Bettiah - BSPCB"
229729,"Nagla Bhau, Firozabad - UPPCB"
229730,"Town Hall - Lal Bagh, Darbhanga - BSPCB"
229731,"Gandak Colony, Motihari - BSPCB"
229985,"D M Colony, Bihar Sharif - BSPCB"
229987,"MIT-Daudpur Kothi, Muzaffarpur - BSPCB"
233414,"Omex Eternity, Vrindavan - UPPCB"
233415,"Sector 22, Chandigarh - CPCC"
233416,"Nagar Nigam, Prayagraj - UPPCB"
234568,"FTI Kidwai Nagar, Kanpur - UPPCB"
234997,"Dharmapuri, Agra - UPPCB"
236406,"Mangala, Bilaspur - CECB"
270697,"Employment Office, Moradabad - UPPCB"
270703,"Dada Peer, Sasaram - BSPCB"
270704,"Town Hall, Munger - BSPCB"
270708,"Civic Center, Bhilai - Bhilai Steel Plant"
270720,"Mirchaibari, Katihar - BSPCB"
270721,"Mayaganj, Bhagalpur - BSPCB"
270722,"Central Jail, Buxar - BSPCB"
270723,"DM Office_Kachari Chowk, Bhagalpur - BSPCB"
270724,"Kareemganj, Gaya - BSPCB"
270725,"Mariam Nagar, Purnia - BSPCB"
270726,"Chitragupta Nagar, Siwan - BSPCB"
270727,"SDM Office_Khagra, Kishanganj - BSPCB"
270728,"Police Line, Saharsa - BSPCB"
270729,"Darshan Nagar, Chhapra - BSPCB"
270730,"Dangi Tola, Rajgir - BSPCB"
270737,"Forest Rest House, Manguraha - BSPCB"
270771,"Buddhi Vihar, Moradabad - UPPCB"
270774,"New DM Office, Arrah - BSPCB"
270775,"Kharahiya Basti, Araria - BSPCB"
270777,"Jigar Colony, Moradabad - UPPCB"
270877,"Eco Herbal Park, Moradabad - UPPCB"
278159,"Rohta, Agra - UPPCB"
278418,"Sector-53, Chandigarh - CPCC"
278671,"Shivaji Nagar, Jhansi - UPPCB"
301387,"Raikhad, Ahmedabad - IITM"
301388,"Sardar Patel Inter College, Baghpat - UPPCB"
301389,"HIMUDA Complex Phase-1, Baddi - HPPCB"
301390,"Bardowali, Agartala - Tripura SPCB"
301391,"DM Office_Kasipur, Samastipur - BSPCB"
301670,"Collector Office, Yadgir - KSPCB"
304956,"Gurdeo Nagar, Aurangabad - BSPCB"
306252,"DRCC Anandpur, Begusarai - BSPCB"
307463,"Zero Point GICI, Gangtok - SSPCB"
309803,"Ashwini Nagar, Haveri - KSPCB"
313410,"DM College of Science, Imphal - Manipur PCB"
313411,"JN Stadium, Shillong - Meghalaya PCB"
313923,"Manipur University, Imphal - Manipur PCB"
317035,"Doon University, Dehradun - UKPCB"
330021,"Vibhab Nagar, Firozabad - UPPCB"
344103,"ECIL Kapra, Hyderabad - TSPCB"
344104,"Kompally Municipal Office, Hyderabad - TSPCB"
344140,"Somajiguda, Hyderabad - TSPCB"
344142,"Nacharam_TSIIC IALA, Hyderabad - TSPCB"
344144,"IITH Kandi, Hyderabad - TSPCB"
346257,"Ramachandrapuram, Hyderabad - TSPCB"
346258,"Kokapet, Hyderabad - TSPCB"
346438,"Rajendra Nagar, Bareilly - UPPCB"
346439,"Kalindi Kunj, Khurja - UPPCB"
352465,"New Malakpet, Hyderabad - TSPCB"
352777,"Kashiram Nagar, Moradabad - UPPCB"
353715,"Transport Nagar, Moradabad - UPPCB"
358448,"Kumaran College, Tirupur - TNPCB"
358450,"Bombay Castel, Ooty - TNPCB"
358451,"Vasanthapuram, Vellore - TNPCB"
358452,"Chalai Bazaar, Ramanathapuram - TNPCB"
358453,"Mendonsa Colony, Dindigul - TNPCB"
358454,"SIPCOT Phase-1, Hosur - TNPCB"
358455,"Sona College of Technology, Salem - TNPCB"
358456,"Gulzarpet, Anantapur - APPCB"
358457,"PSG College of Arts and Science, Coimbatore - TNPCB"
358467,"Civil Lines, Bareilly - UPPCB"
358627,"Crescent University, Chengalpattu - TNPCB"
358665,"Ramteerth Nagar, Belgaum - KSPCB"
361378,"Paryavaran Parisar, Bhopal - MPPCB"
361411,"IITG, Guwahati - PCBA"
363601,"Girls College, Sivasagar - PCBA"
1236037,Dhopagachi
1285345,SPARTAN - IIT Kanpur
2498781,SiriJaya
2860223,GK1 (Oberoi Terrace)
3024966,NASA GSFC Rutgers Calib. N8
3174188,Malav
3174189,Bicholi Hapsi
3174190,Musakhedi
3409317,"Chauhan Colony, Chandrapur - MPCB"
3409318,"Central School, Lucknow - CPCB"
3409319,"Alandur Bus Depot, Chennai - CPCB"
3409320,"Rabindra Bharati University, Kolkata - WBPCB"
3409321,Haldia - WBSPCB
3409322,"Pimpleshwar Mandir, Thane - MPCB"
3409323,"Worli, Mumbai - MPCB"
3409328,"Bandra Kurla Complex, Mumbai - IITM"
3409329,"Deonar, Mumbai - IITM"
3409331,"Bhosari, Pune - IITM"
3409334,"Ashwini Nagar, Haveri - KSPCB"
3409335,"B.Katihalli, Hassan - KSPCB"
3409336,"GIFT City, Gandhinagar - IITM"
3409338,"DRCC Anandpur, Begusarai - BSPCB"
3409339,"Central Jail, Buxar - BSPCB"
3409340,"Zero Point GICI, Gangtok - SSPCB"
3409341,"Manipur University, Imphal - Manipur PCB"
3409342,"DM College of Science, Imphal - Manipur PCB"
3409343,"Keelapalur, Ariyalur - TNPCB"
3409344,"Municipal Corporation Office, Tirunelveli - TNPCB"
3409345,"Parisutham Nagar, Thanjavur - TNPCB"
3409346,"Semmandalam, Cuddalore - TNPCB"
3409347,"SIPCOT Phase-1, Hosur - TNPCB"
3409348,"Uchapatti, Madurai - TNPCB"
3409349,"Vasanthapuram, Vellore - TNPCB"
3409350,"Velippalayam, Nagapattinam - TNPCB"
3409351,"VOC Nagar_SIPCOT, Ranipet - TNPCB"
3409353,"Kilambi, Kanchipuram - TNPCB"
3409354,"Kudikadu, Cuddalore - TNPCB"
3409355,"Sona College of Technology, Salem - TNPCB"
3409356,"Bharathidasan University, Palkalaiperur - TNPCB"
3409357,"Kamadenu Nagar, Karur - TNPCB"
3409358,"St Joseph College, Tiruchirappalli - TNPCB"
3409359,"Kalabhavan, Dharwad - KSPCB"
3409360,"IITG, Guwahati - PCBA"
3409361,"AIIMS, Raipur - CECB"
3409362,"Siltara Phase-II, Raipur - CECB"
3409363,"Krishak Nagar, Raipur - CECB"
3409364,"Bhatagaon New ISBT, Raipur - CECB"
3409365,"Rampur, Korba - CECB"
3409366,"Urja Nagar, Korba - CECB"
3409367,"Hathkhoj, Bhilai - CECB"
3409368,"32Bungalows, Bhilai - CECB"
3409369,"Maharaj Bada, Gwalior - MPPCB"
3409370,"Civil Lines, Sagar - MPPCB"
3409371,"Science Center, Surat - SMC"
3409372,"Gangineni Cheruvu, Chittoor - APPCB"
3409373,"Vaikuntapuram, Tirupathi - APPCB"
3409374,"Deen Dayal Nagar, Gwalior - MPPCB"
3409375,"Bata Chowk, Nalbari - PCBA"
3409376,"Central Academy for SFS, Byrnihat - PCBA"
3409377,"Meher Colony, Baripada - OSPCB"
3409378,"Jagamohanpur, Keonjhar - OSPCB"
3409379,"Divisional Forest Office, Rairangpur - OSPCB"
3409380,"Tata Township, Bileipada - OSPCB"
3409381,"Dabuna, Nayagarh - OSPCB"
3409382,"Raghunathpali, Rourkela - OSPCB"
3409383,"OMC Colony, Suakati - OSPCB"
3409384,"Barsua Iron Ore Mines, Tensa - OSPCB"
3409385,"RVCE-Mailasandra, Bengaluru - KSPCB"
3409386,"Mahatma Basaveswar Colony, Kalaburgi - KSPCB"
3409387,"Lingaraj Nagar, Hubballi - KSPCB"
3409388,"Kasturi Nagar, Bengaluru - KSPCB"
3409389,"Thimmalapura, Tumakuru - KSPCB"
3409390,"LGBI Airport, Guwahati - PCBA"
3409391,"Tarapur, Silchar - PCBA"
3409392,"Kanuru, Vijayawada - APPCB"
3409393,"Shivapura_Peenya, Bengaluru - KSPCB"
3409394,"Fertilizer Township, Rourkela - OSPCB"
3409395,"Sector-2, Rourkela - OSPCB"
3409396,"Nawapara SECL Colony, Chhal - CECB"
3409397,"OP Jindal School, Kunjemura - CECB"
3409398,"Govt. Higher Secondary School, Milupara - CECB"
3409399,"OP Jindal Industrial Park, Tumidih - CECB"
3409400,"Yerramukkapalli, Kadapa - APPCB"
3409401,"Samrat Ashok Udhyan, Jodhpur - RSPCB"
3409402,"Krishna Nagar, Bharatpur - RSPCB"
3409403,"MM Ground, Bikaner - RSPCB"
3409404,"Subash Chowk, Churu - RSPCB"
3409405,"Raja Ganj, Dholpur - RSPCB"
3409406,"Nayapura, Kota - RSPCB"
3409407,"Shastri Nagar, Tonk - RSPCB"
3409408,"Shivaji Nagar, Rishikesh - UKPCB"
3409409,"Govt. Girls Inter College, Kashipur - UKPCB"
3409410,"Vedhaynath Colony, Sirohi - RSPCB"
3409411,"Christianpatty, Nagaon - PCBA"
3409412,"Dhanmandi, Kota - RSPCB"
3409413,"Idgah Hills, Bhopal - MPPCB"
3409414,"Vijay Nagar Scheme-78, Indore - Glenmark"
3409415,"Sardar Patel Nagar, Dhanbad - JSPCB"
3409416,"Rati Talai, Banswara - RSPCB"
3409417,"Shastri Nagar, Chittorgarh - RSPCB"
3409418,"Khatikan Mohalla, Dausa - RSPCB"
3409419,"Railway Colony, Barmer - RSPCB"
3409420,"Housing Board, Hanumangarh - RSPCB"
3409421,"Sahu Nagar, Sawai Madhopur - RSPCB"
3409422,"Indra Nagar, Jhunjhunu - RSPCB"
3409423,"Dhoinda, Rajsamand - RSPCB"
3409424,"Old City, Sri Ganganagar - RSPCB"
3409425,"Jhalamand, Jodhpur - RSPCB"
3409426,"Pragati Nagar, Pratapgarh - RSPCB"
3409427,"Radhakishan Pura, Sikar - RSPCB"
3409428,"Satyawati Vihar, Karauli - RSPCB"
3409429,"Rajlaxmi Nagar, Jhalawar - RSPCB"
3409430,"Mansarovar Sector-12, Jaipur - RSPCB"
3409431,"Digari Kalan, Jodhpur - RSPCB"
3409432,"Sector-2 Murlipura, Jaipur - RSPCB"
3409433,"RIICO Sitapura, Jaipur - RSPCB"
3409434,"Jigani, Bengaluru - KSPCB"
3409435,"Gavalinagar, Pimpri Chinchwad - MPCB"
3409436,"Park Street Wakad, Pimpri Chinchwad - MPCB"
3409437,"Thergaon, Pimpri Chinchwad - MPCB"
3409438,"Katraj Dairy, Pune - MPCB"
3409439,"Savitribai Phule Pune University, Pune - MPCB"
3409440,"Shivaji University, Kolhapur - MPCB"
3409441,"Sinchan Bhavan, Kolhapur - MPCB"
3409442,"Pratap Nagar, Bhilwara - RSPCB"
3409443,"New Colony, Bundi - RSPCB"
3409444,"Sadar Bazar, Jaisalmer - RSPCB"
3409445,"Mandor, Jodhpur - RSPCB"
3409446,"Vijay Nagar, Sangli - MPCB"
3409447,"Bamboliya, Baran - RSPCB"
3409448,"Ratandeep Housing Society, Solapur - MPCB"
3409449,"Dnyaneshwar Nagar, Solapur - MPCB"
3409450,"Karni Colony, Nagaur - RSPCB"
3409451,"Pandav Nagari, Nashik - MPCB"
3409452,"Sawe Wadi, Latur - MPCB"
3409453,"MIDC Ambad, Nashik - MPCB"
3409454,"Hirawadi, Nashik - MPCB"
3409455,"Kamble Tarf Birwadi, Mahad - MPCB"
3409456,"Ramdaspeth, Akola - MPCB"
3409457,"Tarakpur, Ahmednagar - MPCB"
3409458,"Shivneri Colony, Amravati - MPCB"
3409459,"Shri Shivaji Science College, Amaravati - MPCB"
3409460,"MIDC Chilkalthana, Aurangabad - MPCB"
3409461,"Rachnakar Colony, Aurangabad - MPCB"
3409462,"Prabhat Colony, Jalgaon - MPCB"
3409463,"Old MIDC, Jalna - MPCB"
3409464,"Ambazari, Nagpur - MPCB"
3409465,"Ram Nagar, Nagpur - MPCB"
3409466,"Masoom Colony, Parbhani - MPCB"
3409467,"Sneh Nagar, Nanded - MPCB"
3409468,"Mahal, Nagpur - MPCB"
3409469,"Kasarvadavali, Thane - MPCB"
3409470,"Katrap, Badlapur - MPCB"
3409471,"Sector-2E Kalamboli, Navi Mumbai - MPCB"
3409472,"Upvan Fort, Thane - MPCB"
3409473,"Deopur, Dhule - MPCB"
3409474,"Mahesh Nagar, Malegaon - MPCB"
3409475,"Tondare-Taloja, Navi Mumbai - MPCB"
3409476,"CBD Belapur, Belapur - MPCB"
3409477,"Kopripada-Vashi, Navi Mumbai - MPCB"
3409478,"Bhayandar West, Mira-Bhayandar - MPCB"
3409479,"Mindspace-Malad West, Mumbai - MPCB"
3409480,"Bolinj, Virar - MPCB"
3409481,"Khaira, Boisar - MPCB"
3409482,"Bandra Kurla Complex, Mumbai - MPCB"
3409483,"Chembur, Mumbai - MPCB"
3409484,"Sidhi Vinayak Nagar, Ulhasnagar - MPCB"
3409485,"Gokul Nagar, Bhiwandi - MPCB"
3409486,"Kherwadi_Bandra East, Mumbai - MPCB"
3409487,"Sanpada, Navi Mumbai - MPCB"
3409488,"Suhagi, Jabalpur - JMC"
3409489,"Gupteshwar, Jabalpur - JMC"
3409492,"HB Colony, Vijayawada - APPCB"
3409493,"Rajiv Gandhi Park, Vijayawada - APPCB"
3409494,"Bhoiwada, Dungarpur - RSPCB"
3409495,"Mudtra Sili, Jalore - RSPCB"
3409497,"KHB Colony, Karwar - KSPCB"
3409498,"Residency Area, Indore - IMC"
3409499,"Regional Park, Indore - MPPCB"
3409500,"Maguda Nagar, Indore - IMC"
3409501,"Airport Area, Indore - IMC"
3409502,"Kalidaspur, Balasore - OSPCB"
3409503,"Forest Office, Barbil - OSPCB"
3409504,"Hakimapada, Angul - OSPCB"
3409505,"Lingraj Mandir, Bhubaneswar - OSPCB"
3409506,"CDA Area, Cuttack - OSPCB"
3409507,"Ferro Chrome Colony, Byasanagar - OSPCB"
3409508,"Patia, Bhubaneswar - OSPCB"
3409509,"SVSPA Campus, Barrackpore - WBPCB"
3409510,"Byculla, Mumbai - BMC"
3409511,"Shivaji Nagar, Mumbai - BMC"
3409512,"Kandivali West, Mumbai - BMC"
3409513,"Sewri, Mumbai - BMC"
3409514,"Ghatkopar, Mumbai - BMC"
3409515,"Govindh Bhavan Colony, Jabalpur - MPPCB"
3409516,"SIPCOT Nathampannai, Pudukottai - TNPCB"
3409517,"Collectorate Office, Virudhunagar - TNPCB"
3409518,"Rajiv Nagar, Vijayawada - APPCB"
3409519,"Vasundhara Nagar_UIT, Bhiwadi - RSPCB"
3409520,"PCBL Residential Complex, Durgapur - WBPCB"
3409521,"Evelyn Lodge, Asansol - WBPCB"
3409522,"Mahabir Colliery, Asansol - WBPCB"
3409523,"Bhumkar Nagar, Pune - IITM"
3409524,"Botanical Garden, Howrah - WBPCB"
3409525,"Trivenidevi Bhalotia College, Asansol - WBPCB"
3409526,"Panchawati_Pashan, Pune - IITM"
3409527,"SIPCOT Industrial Park, Perundurai - TNPCB"
3409528,"Savta Mali Nagar, Pimpri-Chinchwad - IITM"
3409529,"Mahishkapur Road_B-Zone, Durgapur - WBPCB"
3409530,"Dasnagar, Howrah - WBPCB"